{"stats":{"minecraft:crafted":{"minecraft:air":78},"minecraft:mined":{"quark:yellow_blossom_leaves":70,"minecraft:spruce_log":4,"minecraft:birch_leaves":31,"minecraft:crafting_table":2,"minecraft:grass":10,"minecraft:grass_block":8,"minecraft:coal_ore":26,"minecraft:oak_log":46,"minecraft:dirt":5,"minecraft:sand":4,"quark:yellow_blossom_sapling":1,"minecraft:tall_grass":2,"minecraft:stone":60,"minecraft:oak_leaves":155},"minecraft:broken":{"minecraft:wooden_pickaxe":1},"minecraft:used":{"minecraft:stone_pickaxe":28,"minecraft:spruce_planks":1,"minecraft:wooden_pickaxe":59,"minecraft:stone_axe":20,"minecraft:sand":1,"minecraft:wooden_sword":4,"minecraft:dirt":12,"quark:yellow_blossom_sapling":2,"minecraft:crafting_table":3},"minecraft:picked_up":{"minecraft:stick":3,"minecraft:crafting_table":2,"minecraft:sand":4,"minecraft:oak_log":46,"minecraft:spruce_log":4,"minecraft:dirt":13,"butchersdelight:dead_cow":3,"minecraft:apple":1,"immersiveengineering:seed":2,"minecraft:wheat_seeds":1,"quark:yellow_blossom_sapling":5,"minecraft:oak_sapling":10,"minecraft:coal":26,"minecraft:birch_sapling":2,"minecraft:cobblestone":60},"minecraft:dropped":{"butchersdelight:dead_cow":1},"minecraft:custom":{"minecraft:time_since_rest":38597,"minecraft:sprint_one_cm":13783,"minecraft:damage_taken":60,"minecraft:walk_one_cm":22469,"minecraft:mob_kills":2,"minecraft:drop":1,"minecraft:damage_dealt":200,"minecraft:interact_with_crafting_table":5,"minecraft:fly_one_cm":23193,"minecraft:crouch_one_cm":118,"minecraft:play_one_minute":38597,"minecraft:sneak_time":165,"minecraft:jump":137,"minecraft:leave_game":4,"minecraft:time_since_death":38597,"minecraft:fall_one_cm":3004},"minecraft:killed":{"minecraft:cow":2}},"DataVersion":2586}