{"stats":{"minecraft:custom":{"minecraft:time_since_rest":31386,"minecraft:crouch_one_cm":1,"minecraft:play_one_minute":31386,"minecraft:sprint_one_cm":12894,"minecraft:damage_taken":20,"minecraft:walk_one_cm":9329,"minecraft:sneak_time":16,"minecraft:mob_kills":1,"minecraft:jump":107,"minecraft:damage_dealt":100,"minecraft:leave_game":3,"minecraft:time_since_death":31386,"minecraft:interact_with_crafting_table":3,"minecraft:fall_one_cm":2136,"minecraft:fly_one_cm":22164},"minecraft:broken":{"minecraft:wooden_pickaxe":1},"minecraft:crafted":{"minecraft:air":60},"minecraft:used":{"minecraft:wooden_sword":2,"minecraft:dirt":5,"quark:yellow_blossom_sapling":2,"minecraft:crafting_table":2,"minecraft:wooden_pickaxe":59},"minecraft:mined":{"minecraft:grass":10,"minecraft:grass_block":8,"minecraft:oak_log":28,"quark:yellow_blossom_leaves":70,"minecraft:sand":4,"minecraft:dirt":5,"quark:yellow_blossom_sapling":1,"minecraft:tall_grass":2,"minecraft:spruce_log":4,"minecraft:stone":58,"minecraft:birch_leaves":31,"minecraft:oak_leaves":155},"minecraft:killed":{"minecraft:cow":1},"minecraft:picked_up":{"minecraft:stick":3,"butchersdelight:dead_cow":1,"minecraft:apple":1,"immersiveengineering:seed":2,"minecraft:wheat_seeds":1,"minecraft:sand":4,"minecraft:oak_log":28,"minecraft:spruce_log":4,"minecraft:oak_sapling":10,"quark:yellow_blossom_sapling":5,"minecraft:birch_sapling":2,"minecraft:dirt":13,"minecraft:cobblestone":58}},"DataVersion":2586}