{"stats":{"minecraft:custom":{"minecraft:jump":11,"minecraft:time_since_rest":9326,"minecraft:play_one_minute":9326,"minecraft:leave_game":1,"minecraft:sprint_one_cm":166,"minecraft:time_since_death":9326,"minecraft:walk_one_cm":3055,"minecraft:fly_one_cm":794},"minecraft:used":{"minecraft:dirt":5},"minecraft:mined":{"minecraft:grass":9,"minecraft:grass_block":5,"minecraft:dirt":5},"minecraft:picked_up":{"immersiveengineering:seed":1,"minecraft:wheat_seeds":1,"minecraft:dirt":10}},"DataVersion":2586}